ID,h02_laba_1,h02_laba_2,h02_laba_3,h02_slikta_1,h02_slikta_2,h02_slikta_3,h08_tx1,h08_tx2,h08_tx3
1,starptautiska pieredze, , , , , ,98, , 
2,izglītības iespējas,aizsardzības drošība, , , , ,kultūras jomā,studentu apmaiņas programmā, 
3,ES projekti,ceļošana vieglāka,valūta, , , ,ceļošana, , 
4,drošības sajūta,ceļošana,izglītošanās, , , ,rakstījusi ES projektus, , 
5,alianse,"iespējas (izglītība, ceļošana)",Šengenas līgums, , , ,ceļošana bez pases kontroles, , 
6,98, , , , , ,devos ārpus Latvijas, , 
7,vienota valūta,var ceļot,projektu finansēšana, , , ,98, , 
10,sociālā aizsardzība,ceļošanas brīvība,darba izvēles brīvība, , , ,strādājis Eiropā, , 
11,brīvi tirdzniecības pakalpojumi,brīvs biznesa tirgus,vienota valūta, , , ,brīvi pārvietojies pa Eiropu, , 
12,palīdzība finansiālā jomā, , , , , ,varbūt kādu finansiālu pabalstu esmu saņēmusi, , 
13,ceļošanas brīvība,darba izvēles brīvība,eiro, , , ,ceļojusi pa Eiropu,nedaudz pastrādājusi Eiropā, 
14,drošības ziņā ir ieguvums,brīvs tirgus, , , , ,neesmu izmantojusi, , 
18,atbalsts,viss vienots,brīva ceļošana, , , ,piestrādāju Eiropā,brīvi ceļojusi pa Eiropu, 
19,sociālā un finansiālā palīdzība,atbalsts mazāk aizsargātiem cilvēkiem, , , , ,izmantoju bezvīzu režīmu ar Ukrainu, , 
22,var iegūt augstāko izglītību un mācīties brīvi Eiropā,arī ceļot pa Eiropu, , , , ,brīvi pārvietojusies pa Eiropu, , 
25,vienota valūta,brīva pārvietošanās, , , , ,98, , 
26,var dabūt kādu finansiālu atbalstu ekonomikas attīstībai,var brīvi ceļot un strādāt Eiropā, , , , ,izmantoju ceļošanu brīvu pa Eiropu, , 
27,ieguvumi no Eiropas piešķirtās naudas, , , , , ,neko neesmu izmantojusi, , 
29,ir brīva domāšana un pārvietošanās pa ES,kopēja valūta, , , , ,izglītība,ceļošana,pasākumi
34,var mācīties pēc ES programmām,ceļot brīvi pa ES valstīm,vienota valūta, , , ,"visa mana dzīve ir ES, savādāk nemaz nezinu kā dzīvot, visu, ko piedāvā ES, izmantoju, kas atbilst manām vajadzībām", , 
35,esam sabiedroties ar citām ES valstīm,ir vienota norēķinu sistēma - eiro,"iespējas mācīties, atvērtas visas ES valstis", , , ,98, , 
37,viss ir digitalizēts,"ir iespējas mācīties vai strādāt, ceļot uz citām ES valstīm", , , , ,izbraucis ārpus Latvijas,iemācījies angļu valodu, 
38,visur ES vienādi norēķināšanās naudas līdzekļi,var braukt pa visu Eiropu,esam neatkarīga valsts, , , ,98, , 
41,ir vienotas valstis,drošības sajūta,atvērtas robežas, , , ,"atradu patvērumu no Ukrainas kara, jūtos drošībā", , 
42,"esam brīvi, varam ceļot",eiro visiem, , , , ,bērni ir piedalījušies ES apmaiņas programmās,ceļošana, 
44,stabilitāte,var brīvi ceļot,ekonomiskā brīvība, , , ,98, , 
45,palīdz kara bēgļiem,sūta pārtiku un apģērbus, , , , ,nevienu, , 
46,"nav kara, tas ir ļoti svarīgi ne tikai man, bet domāju visai Latvijas tautai", , , , , ,98, , 
47,drošības sajūta, , , , , ,98, , 
49,ceļot,"brīvi mācīties, apgūt valodas", , , , ,98, , 
53,brīva ceļošana Eiropā,piedalīties projektos,brīvi mācīties jebkurā Eiropas valstī, , , ,98, , 
54,"Latvija cenšas, lai nebūtu kara",var ceļot, , , , ,98, , 
55,ceļot mierīgi, , , , , ,98, , 
57,brīvība,ceļojumi,aizsargāti no Krievijas, , , ,neko, , 
59,iespējas dabūt darbu ES,iespējas studēt,iespējas tirgoties ar ES, , , ,sakari lētāki,ceļošana, 
60,var ceļot pa ES,var studēt Eiropā,var strādāt Eiropā, , , ,ceļošana, , 
63,lielāka drošība,iespējas strādāt ES,ceļot var brīvi ES, , , ,lielāka drošība valstī, , 
64,Erasmus iespējas, , , , , ,ceļošana,palielinājās drošība, 
67,var izglītoties,"dažādi kursi, projekti, tas ir labi",var attīstīt biznesu, , , ,iespējas brīvi ceļot ES,izglītoties ES, 
71,iespēja veidot biznesu,iespēja ceļot, , , , ,ceļošanu, , 
72,var braukt brīvi ekskursijās ES, , , , , ,98, , 
73,lielāka drošība,labākas iespējas biznesa attīstībai,lielas iespējas mācīties, , , ,kultūras pasākumus, , 
74,ekonomiski izdevīgi,bezvīzu ceļošana pa ES, , , , ,98, , 
75,iegūstam drošību,varam strādāt ES,varam tirgoties ar ES, , , ,vienoto valūtu,ceļoju brīvi, 
76,atbalsts,aizsargā NATO, , , , ,pārvietojos brīvi, , 
77,var strādāt ES,brīvi ceļot, , , , ,98, , 
79,"labi, ka ES kopā varam cīnīties pret krieviem",kopīgs atbalsts,varam brīvi ceļot, , , ,98, , 
81,"labi, jo atbalsts Latvijas lauksaimniekiem",iespēja studēt visā Eiropā,iespēja brīvi ceļot, , , ,vienota valūta ceļojot, , 
82,kopā esot vienmēr vieglāk,kopīgas sankcijas pret Krieviju,kopīga nauda - eiro, , , ,"priecājos, ka man ir eiro nauda", , 
83,atbalsts zemniekiem,atbalsts uzņēmējiem,"labi, ka varam brīvi ceļot", , , ,98, , 
84,iespēja izmantot vienu valūtu,strādāt visā ES,mācīties visā ES, , , ,izmantojusi vienotu valūtu eiro,ceļojusi, 
85,kopīgi palīdz mūsu lauksaimniekiem,"labi, ka kopīgi varam palīdzēt Ukrainai",kopīgi iznīcināt Krieviju - tas ir labi, , , ,"mācījos, strādāju ES valstīs",brīvi ceļoju, 
89,brīva ceļošana,darbs visā ES un visā Eiropā,mācību apmaiņu programmas, , , ,ceļojumus, , 
90,bezvīzas braukšana,darbs citās valstīs,Erasmus programmas, , , ,darbs bez vīzas,Erasmus projektu izmantoju, 
94,brīvi ceļojumi bez robežām,darbs bija Eiropā,iespēja mācīties citur, , , ,brīvi ceļoju, , 
97,labais - brīva ceļošana,iespēja renovēt mājas,iespēja mācīties citās vietās, , , ,brīvo ceļošanu bez robežām, , 
99,brīva ceļošana,mācības studentiem visā Eiropā,darbs Eiropā, , , ,98, , 
100,iespēja strādāt citās valstīs,brīva ceļošana bez robežām, , , , ,strādāju citā valstī ik pa laikam, , 
101,nav vīzas ES,darbs visā ES,kredīti Latvijai, , , ,98, , 
103,finansiāla palīdzība, , , , , ,brīva ceļošana,suņu izstāde ES, 
106,vienota Eiropa - mēs visi vienādi,"labumi ar kultūru, izglītību, darbu visā Eiropā", , , , ,98, , 
107,brīva braukšana bez robežām visā Eiropā,Erasmus programmas, , , , ,98, , 
109,"darba iespējas ārzemēs, jauniešiem",iestāšanās NATO,vienota valūta, , , ,"biju Polijā, nebija problēmu aizbraukt",paaugstinājusi zināšanas - angļu valodā, 
113,aizsardzība,atbalsts finansiāli,kopīgums ar pārējo ES, , , ,dalība dažādos konkursos - skolās, , 
114,dažādu projektu finansējums,reģionu attīstība,darba tirgus, , , ,ceļošanas iespējas,pašizglītības programmas, 
115,sadarbība ar citām valstīm,ekonomiskie ieguvumi,ceļošanas atvieglojumi, , , ,ceļošana,Eirozonas ieguvumi, 
116,izglītība jaunatnei, , , , , ,98, , 
122,var ceļot,var strādāt ES,var mācīties ES, , , ,98, , 
124,visur ir vienota valūta,darba iespējas, , , , ,98, , 
125,darba iespējas,ceļošana,valūta, , , ,strādāšana ES,kopēja valūta, 
126,finansiālas Latvijas priekšrocības,vienota valūta,iespēja mācīties, , , ,ceļojusi, , 
129,apmaiņas programmas dažādas,iespēja ceļot,visiem eiro norēķini, , , ,studentu apmaiņas programmu, , 
132,lielākas darba iespējas,daudz iespējas ceļot,lielākas iespējas mācīties, , , ,ceļošanu,valūtu, 
134,atvērtas robežas,jauniešiem lielākas izvēles kā dzīvot,darba iespējas, , , ,98, , 
135,bezvīzas braukšana,vienota valūta,izvēles iespējas dzīvot un strādāt, , , ,98, , 
136,eiro - vienota valūta,lielāka drošība, , , , ,eiro, , 
137,personīgi neesmu sajutusi sliktumu, , , , , ,98, , 
139,integrācija pasaules ekonomikā,pieejami izlīdzināšanas fondi,piederība rietumu pasaulei, , , ,"nē, neesmu izmantojis", , 
140,ES pieņem likumu un cenšas uzturēt demokrātiju,"ES fondi, to izlietojums Latvijā, infrastruktūras sakārtošana un citi fondi", , , , ,sakārtoto infrastruktūru izmantoju, , 
141,drošības sajūta lielāka,"vieglāk ceļot, nav robežas",vienota valūta, , , ,ceļoju,dzīvoju Vācijā (kādu laiku), 
143,var strādāt Eiropā un citur,cita domāšana,brīvības sajūta, , , ,sargāju Eiropas Savienības robežu,ES kursos IT jomā biju, 
144,robežas nav,kopējā politiskā un ekonomiskā grupa,Eiropas projekti infrastruktūras sakārtošanai, , , ,izmantoju infrastruktūru,izglītības projektos esmu piedalījusies, 
148,98, , , , , ,ceļojumi, , 
152,Latvija var plašāk paust savu viedokli,ekonomikas priekšrocības,Šengena zona ceļošanai, , , ,brīva pārvietošanās, , 
153,projektu finansējums (Rail Baltic),investīcijas medicīnā,bezvīzu režīms, , , ,programma ERASMUS, , 
154,kopējais tirgus,pārvietošanās brīvība,bagātās valstīs sniedz palīdzību, , , ,bezvīzu ceļošana, , 
157,ļoti daudz darba iespējas, , , , , ,pilsoniskas tiesības, , 
162,robežas ir atvērtas,infrastruktūras uzlabošana, , , , ,izbraukšana uz ārzemēm, , 
164,Eiropa dod naudu,Šengenas zona, , , , ,Šengenas zonas iespējas, , 
165,pati Latvija nevar pastāvēt, , , , , ,ceļojumi,darbs ārzemēs (strādāju ārzemēs), 
166,viss ir kopīgs,robežas atvērtas,valūta, , , ,ceļošana, , 
167,dalība valstu kopējos projektos,Eiropas sabiedrības finansējums, , , , ,ceļojis uz ārzemēm, , 
168,iespēja saņemt finansējumu no Eiropas fondiem, , , , , ,darbs ārzemēs, , 
169,"tiek sniegta palīdzība kritiskos brīžos, ekonomikas stāvokļa pasliktināšanās gadījumā",aizsardzības joma kara apstākļos, , , , ,98, , 
170,var saņemt palīdzību,ceļot pa ES, , , , ,98, , 
171,var ceļot,piedāvāti dažādi projekti, , , , ,nevienu, , 
173,ir dažādās jomās atbalsts, , , , , ,98, , 
174,kopā ir drošāk šobrīd, , , , , ,98, , 
175,var strādāt un mācīties ES,saņemam palīdzību, , , , ,98, , 
176,"ES atbalsta un palīdz gan ar dažādiem projektiem, gan atbalstiem", , , , , ,98, , 
179,var ceļot,viena nauda,ES sniedz palīdzību, , , ,98, , 
180,iespēja ceļot ārzemēs,iespēja strādāt ārzemēs,"dzīvot, mācīties ārzemēs", , , ,esmu ceļojusi uz ārzemēm, , 
181,var ceļot,ES materiālā palīdzība, , , , ,ceļošana, , 
182,ievēro cilvēktiesības,ekonomiski izdevīgi,plašs darba tirgus, , , ,darba iespējas, , 
185,"stiprais balsts Latvijai kā ekonomikā, tā politikā", , , , , ,neko neesmu guvis, , 
186,palīdz Latvijai,palīdz ģimenēm ar bērniem,atbalsts nabadzīgajiem, , , ,vēlēšanas,"valsts palīdzība daudzbērnu ģimenēm (500 eiro katram bērnam, 7 bērni)", 
188,"visu labāko, ko esmu dzīvē saņēmusi, Latvija mums deva ES (pārvietošanos brīvību, iespēju bērniem mācīties ārzemēs un vēl daudz ko citu)", , , , , ,pārvietošanās brīvību, , 
191,var ceļot bez vīzas,NATO aizsardzība,iespēja mācīties ES, , , ,Erasmus, , 
192,drošība,ceļošanu ES robežās,vienota valūta, , , ,98, , 
193,LV var vairāk panākt, , , , , ,neko neizmantoju, , 
196,brīvi var braukt pa Eiropu, , , , , ,98, , 
207,tagad katrs cilvēks var braukt pa ES, , , , , ,98, , 
209,ir iespēja ceļot,mācīties,strādāt kur gribi var, , , ,98, , 
210,augstāks dzīves līmenis,izglītības iespējas jauniešiem, , , , ,meita studējusi Dānijā, , 
215,var pārcelties uz dzīvi citā valstī,izglītības iespējas,attālināts darbs citā valstī, , , ,iepirkšanās eiro,ceļošana, 
216,drošība,ekonomiskais izdevīgums,liberālās vērtības, , , ,ceļojumi, , 
218,pārvietošanās brīvība,dzīves kvalitātes standarti,"piederība eiro zonai, ekonomiskais izdevīgums", , , ,ceļojumi, , 
219,izglītības iespējas,darba iespējas, , , , ,braucu uz citām valstīm, , 
220,izglītības iespējas Boloņas protokols,Šengenas zonas vīza,eirozona, , , ,Erasmus apmaiņas programmu studijās,ceļošana, 
223,brīvais tirgus,vienota valūta,Šengena zona, , , ,brīvo ceļojumu,naudu, 
224,aizsardzība,projektu naudas, , , , ,aizsardzība,brīva ceļošana, 
227,eiro ieviešana,brīva ceļošana pa Eiropas valstīm, , , , ,ceļojusi, , 
228,viena valūta,ceļojumi bez robežām, , , , ,es neko neizmantoju, , 
229,visiem eiro, , , , , ,nekādas, , 
231,ceļojumi bez robežām, , , , , ,98, , 
233,neierobežoti ceļojumi,ieguldītie līdzekļi, , , , ,mācījos universitātē, , 
234,vienota valūta, , , , , ,nekādas, , 
235,finansējums,valūta visiem viena, , , , ,neko, , 
238,98, , , , , ,var brīvi ceļot, , 
239,98, , , , , ,vienota valūta - eiro, , 
240,pieejami struktūrfondi,vienota norēķina sistēma,bez ierobežojumiem ceļojumi, , , ,eiro naudu izmantoju, , 
241,vienota valūta,atvērtas robežas,finansējums, , , ,ceļošana, , 
242,vienota naudas valūta,brīva ceļošana,"savstarpējā vienotība, atbalsts starp valstīm", , , ,"izglītības iespējas, piemēram, Erasmus+", , 
243,iespējas ceļot - daudz atvieglojumu,"vienota valūta, nav jāmaina nauda ceļojot ES", , , , ,ceļošana ES un visas izrietošās privilēģijas, , 
248,brīva kustība ES ietvaros,vienota valūta, , , , ,EVAK,ceļot ES, 
250,"ES stratēģija padarīt Eiropu (un tai skaitā Latviju) stiprāku, vienotāku un varenāku pasaules līmenī","iedzīvotāju aizsardzība, militārā situācija", , , , ,mācības ES programmas ietvaros, , 
253,jo ES Latvijai palīdz krīzes situācijās,esot Eiropas Savienībā Latvija var justies drošāk, , , , ,neko neizmantoju, , 
254,jo tas Latvijai rada drošības sajūtu attiecībā pret agresīvām valstīm,ES palīdz Latvijai pārvarēt ekonomiskās grūtības,ES palīdz lauksaimniecības nozares attīstībai, , , ,neko, , 
255,palīdz Latvijai krīzes situācijās,rada lielāku drošību starp valstu attiecībām,palīdz attīstīt Latvijā lauksaimniecību, , , ,brīva ceļošana pa ES, , 
257,ES dod Latvijai drošības sajūtu,palīdz pārvarēt ekonomiskās grūtības,palīdz finansiāli realizēt dažādus projektus, , , ,nekas nav izmantots, , 
259,ceļošana,iespēja mācīties,strādāt vai, , , ,ceļošana, , 
262,tūrisms attīstās,"darbs, var strādāt ES",studijas iespējas, , , ,98, , 
276,paveras ceļošanas un studiju iespējas,drošāk justies var, , , , ,98, , 
278,finansiāls atbalsts, , , , , ,98, , 
279,iespējas brīvi ceļot visā Eiropā, , , , , ,iespēja brīvi ceļot, , 
285,vienota valūta,"var izvēlēties, kurā valstī strādāt", , , , ,98, , 
286,eiro - vienota valūta,iespēja strādāt visās ES valstīs, , , , ,98, , 
289,brīvi ceļot pa Eiropu, , , , , ,vienota veselības apdrošināšanas karte visiem ES iedzīvotājiem, , 
292,pārvietošanās brīvība,vienota valūta, , , , ,98, , 
294,brīvas ceļošanas iespējas,var mācīties citās valstīs,saprotamāka pasaule, , , ,neko, , 
296,var veikt telefona zvanus Eiropas Savienībā, , , , , ,nekādas, , 
302,drošība, , , , , ,dzīvoju ES, , 
303,drošība pret agresorvalstīm, , , , , ,ceļoju ar Šengenas vīzu, , 
305,aizsardzība no NATO puses,ekonomikas stāvokļa uzlabošana, , , , ,nevienu neesmu izmantojusi, , 
307,svarīgi Latvijas ekonomikai,"svarīgi Latvijas nācijai, jo neesam lieli","paplašina iespējas jaunatnei izglītoties, ietekmi pasaules līmenī", , , ,studijas (pašreiz) ārzemēs, , 
308,piederības sajūta ES,"ES mazāk korupcijas, nelikumību utt.", , , , ,telefona pieslēgums - ES tarifi, , 
310,pieejami ES fondi,brīva ceļošana pa ES, , , , ,brīvi ceļoju, , 
311,ekonomā integrācija ES,ekonomiskā drošība, , , , ,brīvas pārvietošanās iespējas,strādāju ES, 
312,brīvas robežas,"brīva iespēja mācīties, strādāt",viegli ceļot ES, , , ,brīva ceļošana, , 
313,atbalsts no ES,labs piemērs,izaugsme, , , ,pieteikusies uz ES tālākizglītības mācību programmām pieaugušajiem, , 
314,atbalsta finansējums,vienota ekonomiskā zona,stiprs demokrātiskais process, , , ,bezvīzu ceļošana,izglītības apmaiņas programmas,Eiropas finansējumu piesaiste
315,"var ceļot, brīvas robežas",var mācīties ES augstskolās,strādāt ES valstīs, , , ,EVAK karte veselības apdrošināšanai, , 
316,ekonomikā ieguvumi,drošība, , , , ,jaunatnes apmaiņas programmas,Šengenas zonas priekšrocības,"drošību, savā valstī dzīvojot"
317,vieni paši mēs nepastāvētu,valūta (eiro),"ceļošanas, mācību, darba iespējas", , , ,ceļošana,vienotās valūtas norēķini, 
318,"Latvijai ir nepietiekams iedzīvotāju skaits, lai varētu būt kā valsts viena","ģeopolitiskā situācija norāda, ka kopā ir labāk, drošāk",ES mēs esam pilnvērtīgi locekļi, , , ,sakaru tarifi,sakaru tarifi, 
323,mums ir vienota valūta,aizsardzības sistēma,ekonomikas mērķi vienoti, , , ,mācības,ceļošana,darbs ES
324,vienota valūta,"kultūras, sporta sakari, treniņu iespējas, sadarbības","ceļošanas, mācību iespējas", , , ,tūrisms un iepirkšanās,eiro katru dienu izmantoju, 
327,"mums ir darba, mācību iespējas","varam ceļot bez vīzām, robežkontrolēm, vienoti tarifi sakariem",vienotas atbalsta programmas, , , ,galvenokārt valūtu eiro, , 
328,"varam ceļot, mācīties, strādāt",vienota valūta,"dažādu veidu kontrolējošās, uzraugošās institūcijas", , , ,ceļošana,valūta (eiro),strādāju Spānijā
332,"Latvijai ir par mazu ekonomika, lai varētu pastāvēt kopējā ekonomikā", , , , , ,98, , 
334,valsts attīstība,finansiālā drošība,pārvietošanās brīvība, , , ,projekti skolā, , 
336,kopā vairākas valstis, , , , , ,98, , 
337,iespēja parādīt sevi plašāk,palīdzība, , , , ,nekas nav izmantots, , 
338,uzlabojās drošība,uzlabojās ekonomika,viegli ceļot, , , ,ceļošana,eiro, 
340,palīdzība, , , , , ,98, , 
341,dod naudu dažādiem projektiem, , , , , ,bezdarbnieku kursus, , 
342,Eiropas fondi,vienota valūta,vienlīdzības politika, , , ,brīva ceļošana,uzlabota ceļu infrastruktūra,dalība projektos par ES fondu naudu
345,viena valūta,Eiropas nauda,bezvīzu režīms, , , ,nevienu, , 
347,ceļošana,vienota valūta,peojekti, , , ,eiro valūta, , 
348,bezvīzu režīms, , , , , ,ceļoju,vienota valūta, 
349,viena valūta,Eiropas fondi, , , , ,ceļojumi, , 
350,brīva pārvietošanās,eiro ieviešana,projekti, , , ,dzīvoju ES,eiro valūta, 
352,eiro valūta, , , , , ,bezvīzu režīms,euro valūta, 
353,Eiropas naudas pieejamība,aizsardzība, , , , ,nevienu, , 
354,atbalsts,atbalsts lauksaimniekiem,bezvīzu režīms, , , ,neko, , 
356,investīcijas, , , , , ,98, , 
357,piešķirs naudas līdzekļus,drošība, , , , ,98, , 
359,var brīvi ceļot, , , , , ,ceļošana, , 
360,"nav vīzu, brīva ceļošana", , , , , ,brīvu ceļošanu,eiro valūtu, 
361,ceļošanas iespējas,strādāšanas iespējas, , , , ,neko, , 
362,iespēja strādāt ārzemēs, , , , , ,ceļošana, , 
363,aizsardzība,tiek piešķirti līdzekļi, , , , ,98, , 
365,ieplūst investīcijas, , , , , ,98, , 
366,finansiāls atbalsts, , , , , ,ārzemju apmeklējumi, , 
368,valstis savstarpēji sadarbojas, , , , , ,98, , 
369,tā ir drošība,savstarpējas ekonomiskas attiecības, , , , ,98, , 
371,ceļot brīvi bez robežām,brīva tirdzniecība starp valstīm, , , , ,"ceļot, mācīties Dānijā", , 
372,struktūrfondu līdzekļu piesaiste,brīva ceļošana, , , , ,ceļošana,īslaicīgas mācības Lietuvā, 
373,98, , , , , ,98, , 
378,vairāk draudzības starp valstīm,palīdzēt ar ekoloģiju,visu veidu preču pieejamība, , , ,98, , 
382,drošība,finansiāls atbalsts,stabilitāte, , , ,98, , 
384,cilvēktiesību aizsardzība,brīva kustība,dzīves kvalitātes uzlabošana, , , ,98, , 
387,daudz notiek celtniecība ar ES naudu,sniedz palīdzību Ukrainai,Erasmus programmas, , , ,98, , 
388,neliela drošības sajūta, , , , , ,98, , 
390,iespēja ceļot,var mācīties ES valstīs, , , , ,Erasmus, , 
391,98, , , , , ,nekādas, , 
392,"tiek renovēti bērnudārzi, skolas",brīva ceļošana,"dažādi fondi, finansiāls atbalsts", , , ,98, , 
394,"ir daudzi labi projekti, tikai tie ir jāpabeidz", , , , , ,98, , 
398,lielāka virzība uz attīstību, , , , , ,eiro naudu izmantoju, , 
400,98, , , , , ,98, , 
401,daudz palīdz aizsardzības jomā, , , , , ,98, , 
402,liela palīdzība māju siltināšanā, , , , , ,98, , 
403,palīdz ar naudas līdzekļiem Latvijai, , , , , ,98, , 
404,Rīgā notiek plaša celtniecība, , , , , ,98, , 
407,ir valstij stingrs atbalsts, , , , , ,98, , 
408,var mācīties jebkurā ES valstī,ja labi mācies - labas stipendijas, , , , ,98, , 
414,var strādāt ārzemēs,var mācīties ES vienkāršāk nekā citur pasaulē,"var braukāt, ceļot bez vīzas", , , ,"vienīgi ceļojusi, bet ne tālu", , 
416,"tagad jau pierasts, bet ja padomā, ka agrāk vajadzēja kārtot vīzas ceļošanai, tad tagad ceļot viegli","var mācīties, strādāt ES valstīs praktiski tāpat kā Latvijā", , , , ,kādu laiku mācījos un strādāju Skotijā, , 
417,vairāk kontaktu ar citām valstīm,"valstīm vieglāk savā starpā tirgoties, jo vienota nodokļu sistēma",ir iespēja mācīties ES valstīs, , , ,mazliet ceļojusi, , 
422,var strādāt ārzemēs - ES,brīvi pārvietoties - ceļošanas iespējas patīk, , , , ,"esmu strādājis ES, ārpus Latvijas arī ceļojis", , 
423,"palīdz LV attīstībai, izmantojot projektos ES",tiesību nozarē stimulē tiesiskumu,palīdzība no ES sociālos projektos, , , ,ceļoju pa ES valstīm, , 
424,darba iespējas ārpus Latvijas,tur var strādāt un mācīties reizē, , , , ,"īpaši vēl neko neesmu izmantojis, gatavojos braukt mācīties un strādāt", , 
427,"kopībā spēks, mazai valstij ir labi iekļauties tādā savienībā",atvieglo savstarpējo tirdzniecību starp valstīm,vieglāk ceļot, , , ,vērsos pie veselības speciālistiem sakarā ar bērna problēmām, , 
429,Eiropas finansējumi, , , , , ,98, , 
430,98, , , , , ,nekādas iespējas neizmantoju, , 
431,Eiropas naudas, , , , , ,neko, , 
440,vienota valūta,vienota cena mobilajiem sakariem,brīvi ceļot bez robežām, , , ,98, , 
441,Erasmus programma,vienota valūta,finansiālais atbalsts no Eiropas fondiem, , , ,98, , 
443,ES dažādi naudas fondi, , , , , ,98, , 
444,ES naudas apguve,vienota nauda,var brīvi strādāt visā ES, , , ,98, , 
445,var strādāt valstī kurā var pelnīt,brīva ceļošana pa ES,valstī ienāk nauda no ES, , , ,98, , 
446,pieejama Eiropas nauda,eiro,iespēja brīvi izvēlēties darbu ES, , , ,98, , 
447,dažādi fondi,vienota valūta, , , , ,98, , 
448,98, , , , , ,98, , 
449,vienota valūta, , , , , ,98, , 
452,darba iespējas, , , , , ,98, , 
453,atbalsts attīstībai,pārvietošanās iespējas,darbs ar cilvēkcienīgu atalgojumu, , , ,ceļoju,sazināšanās iespējas, 
454,NATO,darba iespējas citur,vienota valūta, , , ,ceļoju brīvi ES, , 
456,ceļošana brīvi,norēķini naudā,palīdzība materiāli, , , ,esmu ceļojis, , 
457,atbalsta programmas,vienota valūta,ceļošanas un darba iespējas, , , ,98, , 
460,drošības sajūta,finansiāls atbalsts,eiro visur, , , ,vienota valūta,ceļošana, 
463,ir kaut kāda likumība, , , , , ,"Eiropas atbalstītā izglītība, mūžizglītība", , 
467,Krievija blakām - drošība, , , , , ,drošība, , 
468,studentu apmaiņas programmas Erasmus, , , , , ,eiro, , 
469,"sabiedrotie mums ir, aizstāvība būs", , , , , ,nevienu, , 
470,iespēja ceļot un kopīga valūta,Eiropas projekti ekonomikas attīstībai,studentu apmaiņa Erasmus, , , ,vienotais tirgus,digitālie pakalpojumi bez papildus maksas ES, 
471,Šengens - atvērtas robežas,ekonomiskā sadarbība ar kaimiņvalstīm, , , , ,projektus - Eiropas darbam un mācībām ārzemēs,brīva ceļošana, 
472,var braukāt, , , , , ,braukājusi, , 
474,kopējas robežas,viena valūta, , , , ,ceļot,viena valūta, 
475,uzņēmējiem dažādi projekti,lauksaimniekiem Eiropas naudas,ceļu būvē ar Eiropas atbalstu, , , ,eiro,ceļošana,zvani uz ārzemēm
476,atbalsts no Eiropas,kopā esam draudzīgi, , , , ,98, , 
477,"Eiropas projekti, kas pieņemti, ir finansiālais atbalsts","nav vajadzīgas vīzas, lai ceļotu pa Eiropu",vienota valūta, , , ,neesmu izmantojusi - nav zināms, , 
479,kopā labāk izdzīvot,progress ir uz labāku,Eiropas palīdzība Latvijai, , , ,nekā neizmantoju, , 
482,"piešķirti līdzekļi, daudz realizētu projektus, kuri saistīti ar labiekārtošanu, izglītību un socializēšanu",vienota sistēma drošības jautājumos un vienlīdzīgas prasības un noteikumi, , , , ,lai īstenotu projektu pirmsskolas izglītības iestādē, , 
483,"ja nebūtu mēs Eiropas savienībā, būtu zem Krievijas",nauda vienota,atvērtas robežas, , , ,vienota valūta, , 
485,pozitīvas tirdzniecības iespējas,starptautiskie fondi- finansiālā palīdzība nepieciešama,tūrisma iespējas, , , ,"ceļošana, tūrisms","izglītība, Erasmus programma",profesionālā darba pieredze
486,vieglāk kopā izdzīvot ar citām valstīm- ir atbalsts,ceļot vieglāk, , , , ,nekādus, , 
487,brīva cilvēku pārvietošanās,spēja ietekmēt politiskos procesus lielākā teritorijā,tirgus un zinātnes standartizācijas regulas, , , ,Eiropas skolēnu parlaments,"ceļošana Šengenzonā, mazāka muitas nodokļa likme", 
488,"Latvija viena- nereāli, kopību vajag, vajag pievienoties","atbalsts, aizsardzība","grūtības risināt vieglāk kopā un uz ko cerēt, cerēt uz sadarbību", , , ,maznodrošinātā statusu,ES pārtikas pakas, 
491,"Latvijai jābūt lielā valstu sadraudzībā, jo viņa ir maza",kopīgi var panākt vairāk- aizstāvība Latvijai tā ir, , , , ,neko, , 
492,ir Eirozona,tirgus iespējas uzņēmējiem,brīva ceļošana, , , ,"ir būts Lietuvā, Igaunijā bez robežkontroles","Eiropas projektu līdzekļi (ERAF, ESF)", 
493,viegli robežas pārbraukt,valūtas maiņa nav nepieciešama,Eiropas fondi, , , ,ceļošana un atvieglojumi uz citām valstīm, , 
495,drošība,"ekonomika ""attīstība""",izglītības iespējas, , , ,98, , 
498,stiprina Latvijas neatkarību, , , , , ,ES vienotais tirgus, , 
500,ārpolitika, , , , , ,izglītības iespēja - mūžizglītība, , 
501,finansiālā palīdzība,ES vienotais tirgus, , , , ,98, , 
505,98, , , , , ,98, , 
508,ir uzlabojies dzīves līmenis,izglītības iespējas pieaugušajiem,brīvāka ceļošana, , , ,98, , 
512,dažādā veidā esam aizsargāti,kopīgais tirgus mazina cenas,vairāk var panākt Latvijas interesēs, , , ,98, , 
513,lielāka drošība,kopēja valūta, , , , ,98, , 
514,kopējais tirgus,atvērtas robežas,drošības garantijas, , , ,brīva ceļošana,kopējā valūta, 
515,atbalsts visās jomās,kopīgas vērtības un intereses,eiro, , , ,"ceļojusi, kopīga valūta",strādājusi ar sabiedriskajām organizācijām Eiropas Savienībā, 
516,saņemam Eiropas finansējumu (neatdodamu), , , , , ,98, , 
517,brīva pārvietošanās,vienota ekonomika,starptautisks atbalsts, , , ,starptautisko sociālo atbalstu, , 
518,Eiropas projekti,valsts attīstību veicina, , , , ,98, , 
519,98, , , , , ,98, , 
520,dzīve labāka,dzīve drošāka,dzīve sakārtotāka, , , ,brīva ceļošana,viena valūta,EVAK karte
521,Eiropas atbalsts,ceļošana, , , , ,98, , 
522,brīva ceļošana,viena valūta, , , , ,ceļots Eiropā,mācību kursi, 
523,starptautiskā tirdzniecība vieglāka,Šengenas zona, , , , ,eksports,Šengena zonu, 
525,zemniekiem atbalsts- platību maksājumi,dažādi Eiropas projekti, , , , ,ceļojot,zvani uz ES lēti,eiro
527,var ceļot bez vīzām,Eiro, , , , ,eiro, , 
528,98, , , , , ,98, , 
529,Eiropas fondu pieejamība,integrācija- Eiropas savienībā,attālināšanās no visa krieviskā, , , ,98, , 
530,98, , , , , ,98, , 
532,98, , , , , ,98, , 
534,vienota valūta - eiro,lielāka iespēja un drošība ceļot, , , , ,ceļoju, , 
536,ES ārējo robežu stiprināšana,EVAK karte, , , , ,EVAK karte, , 
538,ceļošana, , , , , ,ceļojumi brīvi bez robežām, , 
539,kaut cik ES valstīs atbalsta Latviju,atbalsts lauksaimniekiem, , , , ,Eiropas projekti, , 
542,ceļu remonti,labiekārtotas skolas, , , , ,98, , 
544,ceru uz aizsardzību karā,vienotība,valūta, , , ,98, , 
546,ēku renovācijas, , , , , ,98, , 
547,var ceļot, , , , , ,98, , 
551,izglītības projekti,māju siltināšanas daļēja sponsorēšana, , , , ,ceļošana, , 
552,palīdz lauksaimniekiem, , , , , ,vingrošanas nodarbības, , 
553,var ceļot,vairāk izmanto angļu valodu,brauc brīvi, , , ,98, , 
554,bezrobežu ceļošana,visiem eiro, , , , ,98, , 
555,palicis maz oligarhu,seko labklājībai,nepraktiski projekti bija pašvaldībai, , , ,darba iespējas,ceļošana, 
556,98, , , , , ,98, , 
557,ceļu būve,projekti, , , , ,98, , 
560,ceru aizstāvēs iedzīvotājus no kara, , , , , ,98, , 
561,var ceļot, , , , , ,98, , 
563,"pieeja naudas plūsmām, kas attīsta valsti",eiro ieviešana, , , , ,kultūras pasākumu pieejamību,eiro izmantošana, 
565,"jaunas iespējas, finanšu atbalsts","iespēja zinātniekiem ""izsisties"" pasaulē", , , , ,eiro lietošana,ceļošana vieglāka, 
566,iespēja attālināties no Padomju laikiem un stagnācijas, , , , , ,"uzlaboto infrastruktūru (brīvdabas takas, ceļu segumu)",ceļošanu bez šķēršļiem, 
567,ceļošanas iespējas bez vīzas,vieglāka iepirkšanās internetā,"uzlabojušās patērētāju tiesības, arī preču kvalitāte", , , ,98, , 
568,tā ir valsts un sabiedrības nepārtrauktas attīstības iespēja ilgtermiņā par labāku nākotni,"nodrošina iedzīvotāju un valsts drošību, ciešāki starptautiskie sakari, piemēram, policijas izmeklēšana", , , , ,izmanto eiro,piedalīšanās Eiropas eksāmenā,ceļošana bez vīzas
569,"jauniešiem daudz iespējas mācībās, pieredzes apmaiņā",var brīvi ceļot Eiropas pilsoņi,"jauki skeitparki, trases, veloceliņi utml.", , , ,mobilo sakaru izmaksas ceļojot ES,"bez vīzas var ceļot, izmantota arī EVAK karte", 
571,"drošības garants - gan ekonomisks, gan fizisks no ārējiem draudiem",slimnīcas labāk aprīkotas ar modernām iekārtām,"līdz ar Latvijas iestāšanos ES, sāka veidoties zināma kārtība visās tautsaimniecības jomās", , , ,apguva datora lietošanu,šķiro atkritumus tiem paredzētajos konteineros, 
572,"vides uzlabošana, piemēram, tilti, ēkas, veloceliņi","var brīvāk studēt, arī strādāt visā ES",Erasmus programma, , , ,lieto eiro,"veloceliņus izmanto, kas noteiktu izveidoti par ES līdzekļiem", 
573,mūsu lauksaimniekiem finansiāls atbalsts,robežas vaļā visā Eiropā,lielāka personas datu drošība, , , ,jauko depozīta sistēmu,"kovida potes sertifikāts, kas vienots visiem ES iedzīvotājiem", 
574,"drošība lielāka, robežu stiprināšana","bērni un mazbērni var brīvi ceļot, mācīties Eiropā","kaitīgu vielu izskaušana, aizliegšana Eiropā, piemēram, no atsevišķu pārtikas produktu sastāva, sadzīves ķīmijas", , , ,dalība EP vēlēšanās,eiro izmantošana, 
575,var brīvi ceļot,vienota valūta,"studentiem lielas studiju iespējas, apmaiņas programmas", , , ,ceļošanu uz citām ES valstīm bez vīzas,norēķināšanās ar eiro, 
576,Latvijai pieejami dažādi ES fondu līdzekļi,"nevajag vīzu, lai ceļotu", , , , ,kvalitatīvas preces veikalos var nopirkt, , 
577,brīva ceļošana pa Eiropu,lielāka labklājība,plašākas darba iespējas Eiropā, , , ,5G internets,ceļošana bez vīzas, 
579,ceļo kur gribi,mācies kur gribi,strādā ko māki, , , ,98, , 
581,darbs ārzemēs,dzīve jebkurā ES valstī,dažādi pabalsti ukraiņiem, , , ,braucu pa atremontētu šoseju, , 
583,cilvēku mobilitāte,tirdzniecībā - daudz preču,vienota nauda eiro, , , ,98, , 
589,iespēja saņemt pabalstu,var izbraukt,pilsoņu tiesības ievēro, , , ,98, , 
593,98, , , , , ,98, , 
594,98, , , , , ,98, , 
596,atbalsts ekonomikai,"vieglāk ceļot, mazākas problēmas uz robežām", , , , ,ceļošana uz citām ES valstīm, , 
597,iespēja jaunatnei mācīties ārzemēs, , , , , ,98, , 
598,iespēja sadarboties uzņēmējdarbībā ar citām ES valstīm,iespēja brīvi ceļot, , , , ,ceļoju uz ārzemēm, , 
599,brīva pārvietošanās,iespējas strādāt ārzemēs, , , , ,98, , 
600,"vieglāk ceļot, nevajag vīzas",var strādāt citās valstīs, , , , ,vienota nauda, , 
602,brīvas ceļošanas iespējas,miera sajūta,drošība, , , ,ceļošanu, , 
603,"valsts tiek aizsargāta, piemēram, no Krievijas, no iebrucējiem","brīva ceļošana, nav robežkontrole",atbalsts dažādiem projektiem, , , ,"bezdarbnieku, malkas pabalsti",veselības apdrošināšana,ceļojumi
606,"drošība, kad Ukrainā karo",atvērtas robežas, , , , ,"nekādas, jo nezinu, ko tā piedāvā", , 
609,"var dabūt Eiropas naudas, atbalstu",var brīvi pārvietoties,vienota valūta, , , ,ārzemju apmeklējumi, , 
623,var brīvi ceļot,Erasmus programmas jauniešiem, , , , ,aizbraucu pelnīt naudu uz ārzemēm, , 
627,var strādāt ārzemēs,maksā labu naudu lauksaimniekiem, , , , ,brīva strādāšana ārzemēs, , 
629,"var piedalīties Eiropas projektos, dabūt Eiropas naudu",iespējas ceļot bez vīzām,vienota valūta, , , ,ceļojumus, , 
632,ES mums dod naudu attīstībai, , , , , ,brīvo pārvietošanos, , 
638,ērtāk pārvietoties pa pasauli,"varbūt vairāk drošības, robežu stiprināšana",cilvēktiesības vairāk tiek ievērotas, , , ,gan jau kādus kursus,ceļošanu bez vīzām,"naudu, protams, kaut kādi Eiropas projekti bija"
639,kopīgas problēmas - dalītas problēmas,tomēr ceļošana ērtāka,atbalsts arī aizsardzības jomā, , , ,ceļošanu,"nu un tas, ka kopīga valūta arī, protams", 
645,tomēr kopā ar kādu ir labāk risināmas problēmas,tomēr arī finansiāls atbalsts,drošības jautājums arī; arī bērniem iespēja brīvi mācīties ārzemēs, , , ,esmu bijusi ceļojumos pa Eiropu,esmu mācījusies Eiropas apmaksātos kursos,darbā tika pa Eiropas naudu remonts
647,var strādāt brīvi Eiropā bez vīzas,viena valūta Eiropas valstīs,liels cenu kāpums, , , ,98, , 
653,nauda,ceļošana,aizsardzība, , , ,ceļojumi,koncerti, 
654,valūta,drošības sajūta, , , , ,pērku dārgu pārtiku,maksāju dārgos elektrības rēķinus, 
655,robežas atvērtas,kopīga nauda, , , , ,98, , 
657,drošāk,valūta viena, , , , ,eiro nauda,kopīgas robežas, 
658,liels kolhozs,viena robeža, , , , ,izmantoju naudu, , 
659,vienota valūta,robežas brīvas,drošība, , , ,ceļot pa ES, , 
660,kopējs tirgus ar valūtu,viegli ceļot,aizsardzība, , , ,98, , 
661,var braukt pa visām valstīm,kopīga valūta, , , , ,neko, , 
662,plašs redzes loks,visiem eiro,kopējas robežas, , , ,ceļojumus, , 
664,brīva ceļošana,darba iespējas, , , , ,neesmu izmantojis, , 
665,atvērtas robežas,līdzfinansējums projektos, , , , ,neko, , 
668,98, , , , , ,98, , 
669,atbalsts lauksaimniecībai,atvērtas robežas, , , , ,98, , 
673,vienota valūta,darba iespējas ārzemēs,ceļošanai atvērta visa ES, , , ,eiro,ceļošana, 
674,visiem eiro,dažādi projekti attīstībai, , , , ,bērni iesaistās izglītības apmaiņas programmās, , 
675,ES projekti - liels atbalsts Latvijas lauksaimniecībai,vienota valūta,brīvība ceļojot, , , ,vienoto valūtu,ceļošana bez vīzām,projektu naudu; dažādus kursus
676,bezvīzu ceļošana,ES struktūrfondu pieejamība, , , , ,naudu - eiro,atbalstu mazo lauku saimniecību attīstībai, 
678,vienotības sajūta ar rietumu pasauli,"izglītības, uzņēmējdarbības un lauksaimniecības projektu līdzekļu pieejamība", , , , ,Erasmus programmu,eiro valūtu,ceļošanas iespējas
679,"tie, kuri zina valodas, var braukt strādāt uz ārzemēm", , , , , ,tikai eiro naudu, , 
680,kopā drošāk, , , , , ,atbalstu zemniekiem, , 
681,iestāšanās ES deva iespēju zemniekiem tikt pie jaunas tehnikas ar projektu atbalstu, , , , , ,realizējām projektu - iegādāts traktors, , 
682,paplašina izglītības iespējas,eiro - vienots visā ES, , , , ,izglītības programmas, , 
683,drošība,atbalsts finansiāls, , , , ,neko, , 
688,98, , , , , ,98, , 
689,darba iespējas,brīvi ceļot,drošība, , , ,bezdarbnieku kursi, , 
693,"var ceļot ES, nevajag vīzas",var studēt ES,lauksaimnieki saņem subsīdijas no ES, , , ,98, , 
694,tirgus ES,iespējams strādāt jebkurā ES valstī,var studēt jebkurā ES valstī, , , ,es varu un izmantoju iespēju ceļot ES, , 
695,es varu braukt pie saviem bērniem Īrijā,"es varu strādāt ārzemēs, man nevajag vīzas",nevajag mainīt naudu, , , ,es varu ceļot brīvi, , 
697,es varu ceļot,lauku īpašnieki saņem subsīdijas,"var strādāt, studēt ārzemēs", , , ,es biju 10 ES valstīs - ceļoju, , 
699,ceļošana brīva,mani bērni strādā ārzemēs,"mēs, zemes īpašnieki, saņemam no ES subsīdijas par zemi", , , ,"es ceļoju, biju Lielbritānijā, Vācijā", , 
701,brīva ceļošana,valūta Eiropas,atvērts darba tirgus, , , ,apmācības kursus,finansējumu dzīvojamās mājas renovācijai, 
702,atbalsts Covid-19 atveseļošanās programmai,finansējums ēku renovācijām,atpūtas zonu izveidošanai, , , ,Covida 19 atveseļošanās pabalstus, , 
704,brīva pārvietošanās pa Eiropu,"esam maza valsts, materiāls atbalsts",militārais nodrošinājums, , , ,Covid 19 apmaksāto vakcināciju un piemaksu pie algas par vakcināciju, , 
706,ceļošana, , , , , ,nekādas, , 
707,sniegts finansiālais atbalsts,esam NATO dalībvalsts,iespēja droša ceļošana pa Eiropu, , , ,nekādas neizmantoju, , 
708,brīva pārvietošanās pa Eiropas valstīm,valsts drošība,kreditēšana, , , ,mācību programmu ES, , 
709,ceļošana pa Eiropu bez vīzām,atpūtas zonu ierīkošana,"sporta laukumi, stadionu finansējums", , , ,iedzīvotāju elektrības pabalstu, , 
710,98, , , , , ,saņēmu mācību ES programmu, , 
715,brīva pārvietošanās pa Eiropas valstīm,brīvs darba tirgus,dažādi finansējumi labiekārtošanai, , , ,98, , 
717,"drošāk, mazai valstij grūti sevi pasargāt",piešķir līdzekļus dažādiem projektiem,iespēja apgūt izglītību ārzemēs, , , ,98, , 
718,iespēja darba tirgū,ceļošanas iespējas,atbalsts naudas līdzekļos projektos, , , ,98, , 
719,atbalsts kultūras projektos,ēkas fasādes uzlabošanai,medicīnas aparatūras iegādei, , , ,98, , 
721,atbalsts,var brīvi ceļot,vienota valūta, , , ,brīvi ceļojusi,iespēju justies drošāk izmantoju joprojām, 
724,projektu piesaistīšana un finansiāls atbalsts,viegla un ērta ceļošana,kopīgas vērtības, , , ,ceļoju,"projektus esmu veikusi, kas ir tieši ar ES atbalstu", 
725,spēcīga mugura no ES,bezvīzu privilēģijas, , , , ,98, , 
726,Latvija saņem naudu no ES fondiem,attālināšanās no Krievijas ietekmes,Latvijas iedzīvotāju iesaistīšana dažādos ES projektos, , , ,Eiropas kvalifikācija, , 
727,aizsargā mūsu Latviju,brīvība ceļojot,darba iespējas, , , ,ceļošana brīva, , 
728,"dažādi projekti, kursi bezdarbniekiem",ceļošana ērta, , , , ,mācības, , 
733,drošība lielāka,finansiāls atbalsts, , , , ,pārvietošanās, , 
735,projekti,pārvietošanās brīva,vienota valūta, , , ,nedaudz ceļo, , 
736,darba iespējas lielākas,"ceļošana, pārvietošanās brīva", , , , ,98, , 
738,aizsardzība,finansiāls atbalsts,pārvietošanās brīva, , , ,"atjaunotas tūristu takas, velo celiņi", , 
739,jauniešiem mācību iespējas,ceļošana brīvāka,drošība lielāka, , , ,98, , 
741,aizsardzība, , , , , ,98, , 
742,ērtāk ceļot,labākas iespējas mācīties,ES apmaksāti projekti, , , ,ceļošana,lētākas telefonsarunas, 
743,finansējums,Eiropas vērtības,tiesiskums, , , ,"strādāju, kur maksā Eiropas naudu", , 
744,lielāka valsts drošība, , , , , ,neko neesmu dabūjis, , 
746,finansējums dažādiem projektiem,lielāka drošība, , , , ,darbs ES projektos, , 
747,aizsargā mūs,vieglāk veidot ārpolitiku, , , , ,finansējums darbā, , 
749,finansiāls atbalsts,vienota likumdošana,vairāk iespēju dažādiem projektiem, , , ,ceļošana, , 
750,drošība, , , , , ,nav bijis, , 
751,ceļošanas iespējas,kohēzijas fondi, , , , ,Erasmus,ceļošana, 
752,drošības sajūta,papildus iespējas - ceļošana,"izglītība, projekti", , , ,ceļošana,fondu nauda projektos, 
753,iespējas strādāt ārzemēs,iespējas ceļot, , , , ,strādāju Īrijā, , 
754,stabilitāte, , , , , ,98, , 
755,lielāka drošība,finansiāls atbalsts, , , , ,patvērums no kara Ukrainā, , 
757,var aizdot valstij naudu,Šengenas zona,vairāk demokrātijas, , , ,Šengenas zonā ceļoju bez vīzas,citās ES valstīs nav nacionalitātes konfliktu, 
759,"finansiāls atbalsts, projekti", , , , , ,98, , 
761,ceļošanas brīvība,drošība, , , , ,98, , 
762,saņemam finansējumu,ceļošana bez vīzām, , , , ,sakārtota veloinfrastruktūra,lētākas telefonsarunas ES, 
763,Eiropas vienotība,ceļošana,vienota valūta, , , ,ērtāk ceļot, , 
764,NATO, , , , , ,ceļošana,lētāk zvanīt, 
765,drošība,veselīga atmosfēra valstī, , , , ,98, , 
766,lielāka valsts drošība, , , , , ,lētākas telefonsarunas ar ārvalstīm, , 
767,"mazai valstij labi būt daļai no kā lielāka, drošība",finanses, , , , ,ES finansēti projekti,ceļošana ērtāka, 
768,vairāk iespēju ceļošanai, , , , , ,ceļošanu, , 
769,finansējums, , , , , ,ērtāki biznesa un atpūtas braucieni, , 
771,"daudz ceļoju, ērti ar naudu un dokumentiem",informācijas vairāk, , , , ,ceļošanas iespējas, , 
772,atbalsti nāk no ES naudas, , , , , ,ES projekta naudu, , 
774,"tas vien jau ir labi, ka mēs esam iekšā ES - mēs esam vairāk pasargāti", , , , , ,98, , 
776,vieglāk ir saņemt Eiropas naudu dažādiem projektiem,atbalsts lauksaimniekiem, , , , ,98, , 
777,vieglāk ceļot,dažādiem projektiem sniedz atbalstu,atbalsta māju renovācijas, , , ,neesmu neko izmantojis, , 
778,aizstāvība, , , , , ,nekādas, , 
779,spēj nodrošināt drošības sajūtu, , , , , ,saņemu maznodrošināto pakas, , 
782,vienota nauda visās valstīs,daudz sakoptu vietu,"drošāk dzīvot, ceļot", , , ,98, , 
783,valsts drošība,ceļojumi, , , , ,kursi, , 
784,drošība,"mācības, kursi",ceļošana, , , ,esmu ceļojusi,apmeklēju kursus, 
785,aizsardzība no citām valstīm,"labiekārtoti ciemi, pilsētas",cilvēki var strādāt ārpus Latvijas Republikas, , , ,baudu sakārtoto vidi, , 
786,ceļot un mācīties ārpus Latvijas,visādu komunikāciju uzlabošana, , , , ,ceļoju,mācos, 
787,atbalsts lauksaimniekiem, , , , , ,subsīdijas savā saimniecībā,mācības, 
788,subsīdijas,ceļošana,drošība, , , ,saimniecībā subsīdijas,ceļošana, 
789,mums (Latvijai) ir drošāk,varam brīvi ceļot,kursi un mācības, , , ,mūsu z/s subsīdijas, , 
790,darbs visā Eiropā,drošība kopā ar pārējām ES valstīm,apmācības, , , ,man ir darbs citā valstī, , 
791,ES mūs aizstāv,"sakārtotas pilsētas, ciemi", , , , ,98, , 
793,sakoptākas vietas, , , , , ,ceļošana,veselības nodarbības, 
794,darbs ārpus Latvijas,var brīvi ceļot, , , , ,darbs ārpus Latvijas, , 
795,mums ir drošība, , , , , ,98, , 
796,"ES atbalsti, finanšu līdzekļi",Es aizsardzība,brīva ceļošana; darba iespējas ārzemēs, , , ,ceļošana, , 
805,vairākumam valstu vienota valūta, , , , , ,iespēja ceļot,mācīties, 
806,nav robežu - iespēja ceļot, , , , , ,iespēja strādāt, , 
807,var strādāt ārzemēs,var mācīties ārzemēs, , , , ,98, , 
809,pārvietošanās brīvība, , , , , ,98, , 
810,nav robežu,iespēja ceļot, , , , ,"iespēju atpūsties, ceļot", , 
811,vienots tirgus, , , , , ,98, , 
813,pārvietošanās brīvība, , , , , ,98, , 
814,var brīvi ceļot,var iegūt Eiropas naudu, , , , ,ceļojumus, , 
815,nopelnīt mācībām, , , , , ,pārvietošanās bez robežām,strādāju ārzemēs, 
816,pārvietošanās pa pasauli bez robežām,"iespēja strādāt, ceļot un atpūsties", , , , ,ceļošanu brīvu, , 
820,"ir iespēja doties uz ārzemēm, lai nopelnītu naudu", , , , , ,dažreiz pastrādāt ārzemēs, , 
822,sniedz palīdzību mūsu valstij,maksā subsīdijas dažādas zemniekiem, , , , ,es nekādas, , 
827,dažādas atbalsta programmas,vienotais tirgus,"ceļošanas, darba, mācību iespējas", , , ,98, , 
828,darba iespējas visā ES,nav robežkontroles,vienota valūta, , , ,strādājis ārzemēs, , 
829,var ceļot,valsts drošība,atbalsta fondi, , , ,salabotus ceļus, , 
830,nav robežu,vienota valūta, , , , ,ceļošana,infrastruktūra, 
832,Eiropas fondu nauda,darbs ārzemēs,kultūras apmaiņa, , , ,realizēti infrastruktūras projekti, , 
834,papildus finansējums kultūrai,atbalsts lauksaimniekiem,sakārtotāki ceļi, , , ,mūžizglītība, , 
835,atbalsts lauksaimniekiem,vienota valūta, , , , ,ceļošanu brīvu, , 
836,izglītības iespējas ES,darba iespējas ES,ceļošanas iespējas ES, , , ,dažādi kursi, , 
837,"jo piešķir naudu labiekārtošanai t.i. - ceļiem, pabalstiem, labdarībai","organizē pasākumus, atbalsts maznodrošinātajiem", , , , ,nekādas, , 
838,brīva ceļošana pa ES valstīm,vienota nauda,var mācīties ārzemēs, , , ,laikam nekādas, , 
839,vienota valūta,sakopta apkārtne,tūrisma iespējas, , , ,nekādas, , 
840,tiek piešķirta nauda dažādiem projektiem,atbalsts trūcīgiem iedzīvotājiem, , , , ,98, , 
841,apmaksāti kursi - izglītība,pieejams darbs ārzemēs,ātra - brīva ceļošana, , , ,braucu strādāt uz Vāciju, , 
842,pabalsti maznodrošinātajiem un trūcīgajiem,sakārtota pilsētas infrastruktūra, , , , ,trūcīgo pakas, , 
843,ceļiem nauda piešķirta,izglītoties var caur bezdarbniekiem, , , , ,nekādas, , 
845,"sakārtota pilsēta, ceļi", , , , , ,98, , 
847,palīdz lauksaimniekiem un arī mājas renovē ar Eiropas naudu, , , , , ,98, , 
848,vienāda nauda,projekti un atbalsts lauksaimniecībā, , , , ,ceļošanu,"skatos Eirovīziju, balsoju", 
851,Eiropa mūs aizsargā no Krievijas, , , , , ,ceļošana pa Eiropu,pagastā bezmaksas vingrošana senioriem, 
853,ir vienota nauda,var braukt bez ierobežojumiem pa visu Eiropu, , , , ,ceļošanu,EVAK karti, 
855,vienota naudu,ERAF projekti,piešķir kompensācijas lauksaimniecībā, , , ,98, , 
858,"ja mēs nebūtu ES, tas mēs būtu Padomju savienībā", , , , , ,braukusi ekskursijās, , 
859,Amerika palīdz,"ir miers, nav karš, ir drošības sajūta","ir darbs, cilvēki strādā, rūpējas par savām ģimenēm", , , ,nekādas, , 
860,"plašākas iespējas Eiropas līmenī - gan ekonomiskās, gan izglītības, gan aizsardzības jomā","brīva pārvietošanās, var doties strādāt, dzīvot",dažādas pieejamas atbalsta programmas, , , ,brīva ceļošana,Eiropas parlamenta vēlēšanas,Erasmus
863,"aizsardzība, drošība",finansiāls ES atbalsts, , , , ,neko nav izmantojis, , 
864,aizsardzība no Krievijas,remontē ceļus,"brīvība - var braukt, mācīties, strādāt", , , ,neko īpašu, , 
865,brīvas ceļošanas iespējas,"attīstījusies valsts, viss jauns", , , , ,ceļošanas iespējas,lauku attīstības atbalsts, 
866,"šobrīd var dzīvot brīvi, viss ir pieejams","var brīvi arī strādāt, ceļot un mācīties", , , , ,neko, , 
868,"izglītības pieejamība, bet arī tur vajadzīgi līdzekļi lai tur nokļūtu",sakārtota vide,atbalsti maznodrošinātajiem, , , ,98, , 
869,bezmaksas izglītība,sakārtota pilsētvide, , , , ,98, , 
870,atbalsts maznodrošinātajiem, , , , , ,atbalsta pakas trūcīgajiem, , 
871,pabalsti,pārtikas pakas, , , , ,saņemu pabalstu,pārtikas atbalsta pakas, 
872,"mūžizglītība, arī ārzemēs",pilsētu attīstība,"tūrisms, arī darbs ārzemēs", , , ,98, , 
873,sakārtotas pilsētas ielas,brīva ceļošana,brīvas iespējas strādāt ārzemēs, , , ,esam apmeklējuši bezmaksas koncertus, , 
875,kursi pieejami,uzlabota pilsētvide,atpūtas iespējas, , , ,kursus izmantoju - izglītību, , 
876,98, , , , , ,98, , 
878,"atvērtas robežas, var brīvi pārvietoties",vienota valūta, , , , ,98, , 
879,atvērtas robežas,subsīdijas, , , , ,98, , 
884,izglītības pieejamība, , , , , ,98, , 
885,lielāka drošība,elektrības pabalsts trūcīgiem,saremontēti ceļi pilsētā, , , ,"neko neizmantoju, jo te laukos bez tehnikas nav jēgas braukt uz kaut kādiem kursiem", , 
886,ar ES atbalstu var ātrāk tikt pie invalīdam vajadzīgā aprīkojuma,pabalsti, , , , ,ticis pie palīglīdzekļiem - invalīdam, , 
887,jauniešiem iespējas studēt ārpus Latvijas, , , , , ,98, , 
889,var naudiņu dabūt,militāra drošība,var brīvi braukt strādāt, , , ,pabalstu maznodrošinātajiem, , 
891,jo pieejama mūžizglītība,pilsētvide sakārtota,pabalsti trūcīgiem, , , ,kursus bezdarbniekiem, , 
893,ceļot var,strādāt var,brīvība, , , ,neko, , 
894,"esam savienībā, drošība", , , , , ,98, , 
895,ekonomikas attīstība labāka, , , , , ,strādāju ES, , 
896,iespējas strādāt ES,ceļot ES,NATO dalībvalsts, , , ,nav izmantots, , 
898,kopīgi lēmumi ir labāki, , , , , ,nav izmantota nekad, , 
899,ceļot var,strādāt var, , , , ,nav izmantots, , 
900,drošība, , , , , ,"nē, neko nav izmantojusi", , 
903,var projektos saņemt Eiropas finansējumu,lauksaimniecībā arī ir Eiropas finansējums, , , , ,neizmantoju, , 
907,sniedz palīdzību trūcīgajiem,finansē dažādus projektus, , , , ,3 mēnešu pagaidu darbs,bezmaksas produktu pakas, 
910,var saņemt Eiropas fonda finansējumu,maksājumi lauksaimniekiem no Eiropas fonda, , , , ,98, , 
913,valsts finansiāli iegūst,ceļošana, , , , ,ceļoju, , 
915,ir bijuši daži labi projekti zemniekiem, , , , , ,dažus projektus lauksaimniecības tehnikas iegādei, , 
916,drošība,stabilitāte, , , , ,98, , 
919,Eiropeiskas vērtības,demokrātisks bloks,finansiāls atbalsts, , , ,98, , 
920,"jauniešiem plašas iespējas ceļot, mācīties", , , , , ,jauniešu nometne, , 
921,ES naudas ieplūšana Latvijā,līdzekļi lauksaimniecībai,tās ir projektu naudas un subsīdijas, , , ,lauksaimniecībai subsīdijas, , 
922,izglītības pieejamība jauniešiem, , , , , ,neesmu, , 
924,kopēja valūta,kopēja robeža,brīva ceļošana, , , ,lauksaimniecībā šis tas, , 
925,brīvi var pārvietoties pa Eiropu,jaunatne mācīties, , , , ,projektu apgūšana, , 
926,finansiāls atbalsts lauksaimniekiem, , , , , ,98, , 
928,valsts attīstība - cilvēktiesības,kultūras jomā,NATO aizsardzība, , , ,datorprasmes joma,svešvalodas kursi - angļu un vācu, 
932,iespēja ceļot Eiropā,iespēja dzīvot Eiropā,Eirofondi un eiroprojekti, , , ,ceļojumi uz Eiropas Savienības valstīm,Eiroprojekti saistīti ar darbu, 
933,"ekonomiskā attīstība, sadarbība",atvērtas robežas,"vispār, kopā labāk", , , ,apmācības darbā, , 
935,eirofondi,bezvīzu režīms, , , , ,98, , 
938,aizsargā Latviju, , , , , ,nevienu, , 
940,sākām labāk dzīvot,brīvība, , , , ,bezierobežojumu pārvietošanās, , 
942,iespēja ceļot Eiropā,iespēja strādāt un dzīvot kur grib Eiropā,eironauda, , , ,iespēja ceļot Eiropā, , 
948,"daudz plašākas biznesa iespējas, Eiropas atbalsts, subsīdijas",izglītības iespējas plašas,"kopēja valūta, ceļošana, iepirkšanās", , , ,biznesa atbalsts - finansējums projektam,Erasmus programmu, 
952,brīva ceļošana,Eiropas fondi,saziņa, , , ,nekādas, , 
959,var strādāt citur,ceļot bez vīzas,jauniešu projekti, , , ,ceļot,strādāt, 
961,ceļošana,brīvība relatīvi,darba iespējas, , , ,laikam tikai ceļošanu, , 
964,labāk nekā Krievijas ietekmē un aizstāv pret Krieviju, , , , , ,katru dienu maksāju ar eiro,ID karte kā citiem Eiropā, 
965,"Latvija attīstās, ir līdzvērtīga citām Eiropas valstīm", , , , , ,98, , 
967,"visi Eiropas labumi pieejami - ceļošana, darbs ārzemēs, māju siltināšana", , , , , ,98, , 
968,"līdzvērtība ar citām valstīm - gan cenas, gan algas", , , , , ,98, , 
969,"tagad viss kā Eiropā pieejams, Lidl veikali, mašīnas", , , , , ,eiro maksājumos,zvanu dēlam uz Vāciju, 
972,var ceļot,var strādāt Eiropā,projekti pieejami, , , ,esmu ceļojusi,skolā piedalījos Eiropas projektos,ir EVAK karte
973,"visiem vienādas pases, var ceļot",var strādāt ārzemēs, , , , ,98, , 
974,maksā subsīdijas, , , , , ,finansiālo atbalstu, , 
975,"var brīvi pārvietoties, strādāt ES robežās",var ceļot,Eiropas Savienības projektos var piedalīties, , , ,pagasta centra labiekārtošana, , 
979,var piedalīties ES projektos,maksā subsīdijas zemniekiem,ārējā drošība lielāka, , , ,Eiropas subsīdijas par zemes apstrādi, , 
980,projektos var piedalīties, , , , , ,pagasta centrā ierīkots ielu apgaismojums un ierīkots gājēju celiņš, , 
981,"var brīvi doties uz ārzemēm, strādāt, ceļot",finansējums ielu remontiem,labiekārtošanas projekti, , , ,mājas siltināšana, , 
982,maksā subsīdijas par zemi, , , , , ,saņemam subsīdijas par zemi, , 
983,uzlabojās valsts drošība, , , , , ,saņēmu ES subsīdijas par apstrādāto zemi, , 
984,Eiropas fondi, , , , , ,ceļošana, , 
985,esam Eiropā,varam prasīt palīdzību, , , , ,98, , 
987,var ceļot,mācīties citā valstī, , , , ,brīva ceļošana, , 
991,drošība Latvijā,"dažādi proejekti, kuros var piedalīties", , , , ,98, , 
992,drošība,sakārtotība, , , , ,daži projekti, , 
994,ceļošana,"iespēja mācīties, pieredzes apmaiņa",darba iespējas, , , ,98, , 
996,piešķir finansējumu labiem biznesa projektiem,Eiropas piešķirtās naudas dabas liegumu uzturēšanai,"kultūras un tūrisma atbalsts, attīstība", , , ,98, , 
997,"iespējas ceļot, mācīties","vienota valūta, sakaru tarifi",Eiropas finansējums Latvijas labklājības celšanai, , , ,mobilos sakarus Eirozonā, , 
1000,iespēja ceļot Eiropā,atbalsts,iespēja dzīvot Eiropā, , , ,skolā bija daudz eiroprojektu,"iespēja ceļot Eiropā, iespēja mācīties Eiropā (Erasmus)", 
1001,dažādi projekti,bezmaksas kursi,iespēja ceļot, , , ,kursi strādājošajiem no NVA, , 
1002,dažādu projektu finansēšana Latvijā,ceļošanas iespējas,vienota valūta, , , ,darba iespējas ārzemēs, , 
1003,darba iespējas ES,ceļošana,Eiropas projektu realizēšana Latvijā, , , ,izceļojusi Eiropu, , 
1004,vienkārši ceļot,vienota valūta, , , , ,98, , 
1005,lielāks tūristu pieplūdums,"izglītības attīstība, apmaiņas programmas","darbs ārzemēs, peļņas iespējas", , , ,laikam nekādas, , 
1008,Eiropas piešķirtie finansējumi Latvijai,vienota valūta,"darba iespējas, bez problēmām braucu strādāt", , , ,darba iespējas vairāk, , 
1011,finansējums,ieguvumu vairāk kā negatīvā,darba vietas, , , ,98, , 
1014,Erasmus,nauda Latvijas attīstībai,atbalsts invalīdu ērtību nodrošināšanai, , , ,mācību apmaiņas programmu,ceļojumi bez vīzas, 
1015,Eiropas līdzekļi Latvijas attīstībai,"mācību programmas jauniešiem, izglītības iespējas pieaugušajiem",darba iespējas Eirozonā, , , ,strādāju ārzemēs, , 
1019,ES likumi labāki, , , , , ,98, , 
1020,ceļošanas iespējas,attīstībai nauda,robežas vaļā, , , ,ceļošana,projekti, 
21,?, , ,neesam paši savā zemē saimnieki, , ,esmu strādājis Skandināvijā, , 
31, , , ,"tāpēc, ka kādreiz nebija tādi nodokļi","mazas algas, lielas cenas, dārgi komunālie pakalpojumi","varēja labi dzīvot, tagad vajag eksistēt",98, , 
36, , , ,cilvēkiem nav iespēju uzlabot savu dzīvi,"esmu strādājis un veselību sabeidzis, bet grupu dabūt nevar, pastrādāt arī nevar, mocības un nabadzība", ,nabadzība, , 
48, , , ,98, , ,98, , 
80, , , ,"slikti tāpēc, ka tagad visu diktē ES, bet Latvijai pašai nav nekādas teikšanas", , ,nezinu, , 
105, , , ,mēs zaudējam savu valsti un savu neatkarību,beidzās lats - mēs zaudējām latu, ,darbs Norvēģijā, , 
110, , , ,visus LV uzņēmumus likvidēja,visi pakļauti Eiropas likumiem,sākās cilvēku izbraukšana no Latvijas,nekādas, , 
131, , , ,liela ietekme uz ekonomiku,grauj lauksaimniecību, ,98, , 
146, , , ,LGBT programma,neveselīgas ēšanas propaganda,neapmierināta ar eiro standartiem izglītībā,izbraukšana ārzemēs, , 
150, , , ,"mums nav nekā, veikalos viss no citām valstīm, nezinu ko pirkt", , ,98, , 
155, , , ,"aizliegumi, naudas sodi",atņemta vārda brīvība,slikta attieksme pret pensionāriem - Krievijas pilsoņiem,nekas, , 
190, , , ,"vajag dzīvot bez ES, bez NATO, bez eiro, un dzīvojuši daudz labāk vieni paši ar savu latu", , ,nekādas, , 
201, , , ,nekā laba neredzu, , ,98, , 
212, , , ,zūd tradicionālās vērtības,pieaug dzīves dārdzība,nav pašnoteikšanās,98, , 
213, , , ,sabojātas attiecības ar Krieviju,pilns ar ārzemniekiem,sagrauta vietējā ražošana,nekādas, , 
230, , , ,daudz imigranti,pilnīga atkarība no ES, ,98, , 
232, , , ,liela atkarība no ES likumiem,nepastāvīga lēmuma pieņemšana,daudz imigrantu,bezrobežu ceļojumi, , 
244, , , ,cita kultūras telpa,zaudējām latu,imigranti,zvani uz ES valstīm par velti, , 
245, , , ,LGBT uzspiešana (cita veida seksuāla orientācija),valūta bez iespējām regulēt,nevienlīdzība ar citām ES valstīm,brīvi ceļot, , 
258, , , ,ES finansēja dažādus kursus un izglītību, , ,neko tādu, , 
297, , , ,"jo tālāk, jo trakāk - viss dārgāk, agrāk tā nebija",nav labi apmaksāta darba,liels pensijas  vecums,98, , 
299, , , ,iznīcina Latvijas eksistenci,"nav vairs nekā sava, tikai no citām valstīm",ES uzspiež savas direktīvas,neko, , 
306, , , ,"viss tur ir atņemts, nav nekā, kas bija", , ,izglītība par ES līdzekļiem, , 
322, , , ,ES izmanto mūsu resursus,nepietiekoši sadala dotācijas un citus naudas līdzekļus, ,esmu ceļojis,izmantoju sakaru tarifus par vienādu cenu, 
325, , , ,"mēs neesam ES vecās dalībvalstis, mūs neņem vērā",esam pēdējie ES gandrīz visos rādītājos pēc gandrīz 20.gadiem ES, ,98, , 
358, , , ,Eiropas Savienība ir Latvijas iznīcinātāja, , ,neko, , 
367, , , ,98, , ,98, , 
374, , , ,augstākas cenas produktiem,agresīva politika par Krieviju,rusofobija,98, , 
375, , , ,98, , ,98, , 
376, , , ,98, , ,98, , 
389, , , ,"par mazām pensijas, varēja piešķirt naudu", , ,neko, , 
397, , , ,par daudz komandē no Briseles,neļauj pašiem domāt un strādāt, ,98, , 
399, , , ,"neko nedara, nepilda savas funkcijas", , ,neko, , 
405, , , ,pilnīgi liek mums justies kā nabagiem, , ,98, , 
406, , , ,"tikai diktē noteikumus, neļauj pašiem būt savā zemē saimniekam", , ,98, , 
410, , , ,"ar ES tiek likvidētas skolas, jo tā nāk pavēle no augšas", , ,skolotājiem organizētos kursos, , 
413, , , ,ES dzen mūs parādos,"ES no mums tikai kaut ko pieprasa, ja ko dod, tad mazāk nekā prasa no mums","ES grib mums noteikt visus standartus, ko drīkst darīt, ko nē, paši vairs neko nelemjam",tūrisma braucieni, , 
435, , , ,paļaujas ASV komandām, , ,98, , 
436, , , ,inflācija,ievesta pārtika, ,darbs Anglijā, , 
478, , , ,"tāpēc, ka Latvija ir lielos parādos","tāpēc, ka Latvijas valdība vairs nevalda, bet valda Eiropa","ir iznīcināta rūpniecība, vidusmēra uzņēmējdarbība - Latvijas uzņēmējdarbība un zemnieksaimniecības","strādāju par auklīti Eiropas Savienības finansētajā kopprojektā, apmācība auklītēm k/c ""Dārdedze""", , 
480, , , ,"tādēļ, ka vairāk viss izbeidz savu darbību (rūpnīcas - to nav)","osta bija spēcīga, tagad tā ir vāja","lieli parādi Latvijai, šobrīd Latvija izskatās pārdota - iztirgota",neko neesmu izmantojusi, , 
497, , , ,98, , ,98, , 
502, , , ,98, , ,98, , 
511, , , ,98, , ,98, , 
526, , , ,vai tur ir liela jēga,"ceļu ziņā, cenas lielas kā Eiropā, algas mazas","likumi, kas iet Eiropai līdzi",nekādas, , 
582, , , ,esmu eiro skeptiķis,labuma nav nekāda, ,Covid-19 potes, , 
586, , , ,"Latvijas nauda lats - likvidēts, līdz ar to arī tautas identitāte",samazinājās tautsaimniecības attīstība,Latvijai palielinās valsts parāds,98, , 
587, , , ,"lopkopība - lauksaimniecība, fermas likvidētas",cukurfabrikas likvidēšana,Liepājas Metalurgs tika iznīcināts,braucu ar mašīnu pa atremontētiem ceļiem,slimnīcā nopirkta iekārta, 
588, , , ,bezdarbs,korupcija zeļ, ,"strādāju iestādē, kurā veikta renovācija",braucu pa veloceliņu, 
590, , , ,jāievēro Eiropas regulas,rūpnīcas slēgtas,lauksaimniecība likvidēta,98, , 
591, , , ,lauksaimniecība likvidēta (kuģi nodoti metāllūžņus),zivju zvejošana aizliegta (ES kvotas),aizliedza Latvijai nomainīt kuģus uz citiem,dabas takas mežā - izveidotas pa ES naudām,Liepājas slimnīcā remonts veikts, 
604, , , ,"daudz līdzekļus atdod prom, par savējiem nerūpējas","daudz bezpajumtnieki, zemas algas, cilvēkiem grūti","augstas cenas, zemas pensijas, nav taisnības",nevienu, , 
605, , , ,"Latvija visu laiku no ES aizņemas naudu un līdz ar to palielina valstī nodokļus, bet atdot neko nevar",viszemākās algas visā ES un vislielākie nodokļi, ,īsti neko nav izmantojis, , 
621, , , ,98, , ,meita piedalījās Erasmus programmā, , 
625, , , ,lielas cenas,mazas pensijas, ,neko, , 
626, , , ,cenu pieaugums,zema demogrāfija, ,braucu strādāt uz Eiropas valstīm, , 
636, , , ,nav patstāvības, , ,zvanīšana uz ārzemēm, , 
643, , , ,"vairāk labums iet viņiem, nevis mums", , ,"māju tie ir renovējuši ar ES atbalstu laikam, vismaz tā bērni teica, bet es īsti nezinu, kā tieši man palīdz, neceļoju, man vienalga, vai man pase der ES", , 
651, , , ,viss ir palicis dārgs,inflācija, ,98, , 
663, , , ,Latvija nav noteicēja par savu zemi,uz Latviju gulstas arvien vairāk visādu regulu,Latvijas lielākā daļa pieder ārzemju investoriem,daudzus gadus atpakaļ saņēmu pārtikas atbalsta pakas kā daudzbērnu ģimene, , 
667, , , ,pārāk daudz visādu regulu,neesam lēmēji savā zemē, ,nezinu teikt, , 
685, , , ,pašiem par sevi jādomā,viss stāv uz vietas Latvijā,"ekonomika neattīstās, nauda nonāk partijām, nevis tautai",98, , 
692, , , ,daudz diktāta ES,"lauksaimniecība nevienādi subsīdijas, no citām valstīm atšķirības","Latvija pērk gāzi, elektrību dārgāk, tāpēc, ka sankcijas","es biju Īrijā, nevajag vīzu", , 
737, , , ,atkarīga no ES,diktē visu, ,sociālā palīdzība, , 
748, , , ,"nav savas valūtas, lats bija labs",mazāka suverenitāte, ,98, , 
756, , , ,paši neko nelemjam,seksuālo minoritāšu propaganda, ,98, , 
781, , , ,visi skrien Eiropai līdzi, , ,kursi par Eiropas naudu, , 
857, , , ,visas aizsardzības iespējas,vienota valūta,brīvas ceļošanas iespējas,"bija pieteikusies ""Erasmus"", bet saslima un netika","ceļošana, viegli tikt uz Lietuvu un citām valstīm", 
862, , , ,"mums viss likvidēts, nav vairs ražošanas","daudz ko aizliedz, nerāda pārraides krievu valodā","Latvija vairs neko pati nevar izlemt, visu iznīcina, visu laiku tikai klausa, ko saka ES",nav nekas, , 
883, , , ,Latvijas kā valsts iznīcināšana, , ,piekļuvi veselībai, , 
888, , , ,tagad notiek visatļautība,nekādas kultūras vairs nav - sabrūk ģimenes jēdziens,viss tiek likvidēts lauku rajonos,neko neesmu izmantojis, , 
904, , , ,"būs jāatdod Eiropas nauda, kura saņemta aizdevumos nākamajām paaudzēm", , ,98, , 
918, , , ,neko man nav devusi, , ,98, , 
941, , , ,cenas augstas,visa nauda iet uz bruņošanu,nekas neiet cilvēkiem,nav izmantojis, , 
949, , , ,"bērniem tiek mācītas neķītrības, traumēta psihe", , ,nekādas, , 
951, , , ,valsts zaudē savu identitāti,tiek uzspiesta Amerikas kultūra,minoritāšu uzspiešana sabiedrībai,darba iespējas Eirozonā, , 
960, , , ,"nav lata, eiro nepatīk",ieceļo daudz migrantu,"uzspiež ""zilo"" politiku",nekādas, , 
971, , , ,pilns ar bēgļiem,"cenas augstas, maksa par elektrību arī", ,98, , 
976, , , ,jaunieši aizbrauc uz ārzemēm, , ,98, , 
977, , , ,jaunieši pamet Latviju,laukos nav darbavietu,nauda ir mazvērtīga,bērnu spēļu laukums, , 
993, , , ,nekā laba nav, , ,neko, , 
1006, , , ,lauksaimnieku bankrotēšana,visas rūpniecības iznīcināšana,trešo valstu produktu iepludināšana,98, , 
1007, , , ,ražošanas iznīcināšana,"sintētisku, modificētu produktu iepludināšana","ģimenes, kā institūcijas graušana","nekādas, nav priekš manis iespēju", , 
1013, , , ,Latvija ir iztirgota,vietējā rūpniecība likvidēta,"genderisms zeļ, jaunieši pagrimst","ceru, ka nekādas", , 
1016, , , ,"neesam saimnieki savā valstī, visus lēmumus uzspiež Eiropa un bērni tiek propagandēti", , ,ceļošanu, , 
8, , , , , , ,98, , 
9, , , , , , ,strādājis Lielbritānijā, , 
15, , , , , , ,pagaidām neko neesmu izmantojusi, , 
16, , , , , , ,neko, , 
17, , , , , , ,"neko nezinu, neizmantoju", , 
20, , , , , , ,nekādas, , 
23, , , , , , ,pagaidām nekādus, , 
24, , , , , , ,brīvi ceļojis pa Eiropu, , 
28, , , , , , ,esmu izmantojis būvniecības sfērā finansiālu atbalstu, , 
30, , , , , , ,ceļoju, , 
32, , , , , , ,"nekādas, esmu visu laiku cīnījusies par dzīvošanu, kaut gan mani vecāki, to pašu dabūja no valsts", , 
33, , , , , , ,"nekādas, nav nekā", , 
39, , , , , , ,"kursus, apmācības", , 
40, , , , , , ,98, , 
43, , , , , , ,"iespēju nav, izmanto tikai mūs, vienkāršos darba cilvēkus, maksājam nodokļus, rēķinus un atbalstam ar ziedojumiem smagi slimus un nelaimē nokļuvušos, kaut gan to vajadzētu darīt valstij", , 
50, , , , , , ,98, , 
51, , , , , , ,98, , 
52, , , , , , ,98, , 
56, , , , , , ,98, , 
58, , , , , , ,98, , 
61, , , , , , ,pabalstus kovida laikā, , 
62, , , , , , ,98, , 
65, , , , , , ,pabalsti bērniem,tūrisma attīstība - ceļošana, 
66, , , , , , ,ceļoju brīvi, , 
68, , , , , , ,98, , 
69, , , , , , ,bija piešķirti pabalsti, , 
70, , , , , , ,98, , 
78, , , , , , ,eiro valūtu,ceļošanu ES, 
86, , , , , , ,98, , 
87, , , , , , ,nekādus, , 
88, , , , , , ,man nekas īpašs, , 
91, , , , , , ,brīvi ceļoju,Erasmus programmu izmantoja, 
92, , , , , , ,nauda mācībām bija saņemta no ES fondiem, , 
93, , , , , , ,braukšana Eiropas zonā,kredīts saules bateriju iegādei, 
95, , , , , , ,ceļojums, , 
96, , , , , , ,devos uz ārzemēm, , 
98, , , , , , ,nevajag vīzas, , 
102, , , , , , ,98, , 
104, , , , , , ,ceļojumi, , 
108, , , , , , ,brīva bezvīzas braukšana ES robežās, , 
111, , , , , , ,atbalsts lauksaimniekiem (platību maksājumi),tehnikumā stipendija, 
112, , , , , , ,Eiropas subsīdijas lauksaimniecībā, , 
117, , , , , , ,98, , 
118, , , , , , ,98, , 
119, , , , , , ,98, , 
120, , , , , , ,98, , 
121, , , , , , ,98, , 
123, , , , , , ,neko, , 
127, , , , , , ,kopīga nauda,ceļošana,nav muita uz robežām
128, , , , , , ,98, , 
130, , , , , , ,darbs ārzemēs,nauda, 
133, , , , , , ,98, , 
138, , , , , , ,veselības veicināšanas pasākumi,Erasmu programma - angļu valodas apguve, 
142, , , , , , ,neko nav izmantojusi, , 
145, , , , , , ,98, , 
147, , , , , , ,nekādas, , 
149, , , , , , ,nekādas neizmantoju, , 
151, , , , , , ,nekādas, , 
156, , , , , , ,ceļoja bez vīzas, , 
160, , , , , , ,pārvietošanās iespēja,nav jāmaina valūtu, 
161, , , , , , ,neko neizmantoju, , 
172, , , , , , ,98, , 
177, , , , , , ,98, , 
178, , , , , , ,98, , 
183, , , , , , ,Šengenas zona, , 
187, , , , , , ,iespēju bez vīzas aizbraukt uz ārzemēm, , 
189, , , , , , ,neko, , 
194, , , , , , ,nekādas, , 
197, , , , , , ,98, , 
200, , , , , , ,98, , 
202, , , , , , ,nekādas iespējas, , 
205, , , , , , ,98, , 
206, , , , , , ,braucu ekskursijā uz Ungāriju, , 
208, , , , , , ,98, , 
211, , , , , , ,ceļošana,iespēja iepirkties eiro, 
214, , , , , , ,98, , 
217, , , , , , ,"ceļojusi uz Spāniju, Franciju un citur", , 
221, , , , , , ,98, , 
222, , , , , , ,eiro ieviešana, , 
225, , , , , , ,nevienu, , 
226, , , , , , ,subsīdijas lauksaimniecībā,valūtu, 
236, , , , , , ,98, , 
237, , , , , , ,98, , 
246, , , , , , ,brīvi pārvietoties Eiropā, , 
247, , , , , , ,98, , 
249, , , , , , ,"viegla, ērta ceļošana ES",vienota valūta, 
251, , , , , , ,98, , 
252, , , , , , ,98, , 
256, , , , , , ,98, , 
260, , , , , , ,98, , 
263, , , , , , ,98, , 
265, , , , , , ,brīvi ceļoju, , 
266, , , , , , ,98, , 
268, , , , , , ,studēšana ārzemēs,ceļot brīvi varu, 
270, , , , , , ,98, , 
272, , , , , , ,98, , 
274, , , , , , ,98, , 
280, , , , , , ,98, , 
281, , , , , , ,98, , 
282, , , , , , ,98, , 
283, , , , , , ,vieglāk un izdevīgāk uzturēt sakarus ar draugiem Eiropā, , 
284, , , , , , ,strādāja ārzemēs, , 
287, , , , , , ,apmeklēja Vāciju, , 
288, , , , , , ,ceļojot pa Eiropu, , 
290, , , , , , ,98, , 
291, , , , , , ,98, , 
293, , , , , , ,98, , 
295, , , , , , ,nav izmantojis, , 
298, , , , , , ,98, , 
300, , , , , , ,98, , 
301, , , , , , ,98, , 
309, , , , , , ,98, , 
319, , , , , , ,eiro, , 
320, , , , , , ,esmu ceļojusi,mācījusies Erasmus apmaiņas programmā, 
330, , , , , , ,ceļošana bez pasu kontrolēm uz robežām,mācības ārzemēs apmaiņu programmās, 
331, , , , , , ,kopējo valūtu - eiro,ceļot,bērni strādā Vācijā
333, , , , , , ,98, , 
335, , , , , , ,98, , 
339, , , , , , ,98, , 
344, , , , , , ,neko, , 
351, , , , , , ,lētākas telefona sarunas ar ES valstīm, , 
355, , , , , , ,ceļošana, , 
370, , , , , , ,98, , 
377, , , , , , ,98, , 
379, , , , , , ,98, , 
381, , , , , , ,98, , 
383, , , , , , ,98, , 
385, , , , , , ,98, , 
386, , , , , , ,neko neesmu izmantojis, , 
393, , , , , , ,izglītības iegūšanā, , 
395, , , , , , ,98, , 
396, , , , , , ,ceļošanu brīvu, , 
409, , , , , , ,neko, , 
411, , , , , , ,ceļoju pa ES, , 
412, , , , , , ,98, , 
415, , , , , , ,"strādājot starptautiskā uzņēmumā, ir viegli komunicēt ES robežās, braukā komandējumos",arī ceļot bez vīzām, 
418, , , , , , ,neko, , 
419, , , , , , ,"var ceļot bez vīzas ES ietvaros, to izmantoju", , 
420, , , , , , ,ceļoju, , 
421, , , , , , ,strādāja ārzemēs, , 
425, , , , , , ,"neko nav izmantojusi, tikai ikdienā lieto Eiro, naudu", , 
426, , , , , , ,neko, , 
428, , , , , , ,98, , 
433, , , , , , ,neko, , 
434, , , , , , ,98, , 
437, , , , , , ,iespējas strādāt ārzemēs, , 
438, , , , , , ,platību maksājumi, , 
442, , , , , , ,98, , 
450, , , , , , ,nekādas, , 
451, , , , , , ,nekādas iespējas neizmantoju, , 
455, , , , , , ,98, , 
458, , , , , , ,98, , 
459, , , , , , ,nekādas, , 
461, , , , , , ,98, , 
462, , , , , , ,98, , 
464, , , , , , ,98, , 
465, , , , , , ,"būt ārzemēs, bez vīzas", , 
473, , , , , , ,neko, , 
481, , , , , , ,nekādus, , 
484, , , , , , ,Eiropas sniegta veselības apdrošināšana, , 
489, , , , , , ,nekādus neesmu izmantojusi, , 
490, , , , , , ,neesmu izmantojusi, , 
494, , , , , , ,Erasmus,Eiropas sociālā fonda stipendija, 
496, , , , , , ,98, , 
499, , , , , , ,lielākas privilēģijas ceļot, , 
503, , , , , , ,brīva ceļošana pa ES, , 
506, , , , , , ,98, , 
509, , , , , , ,izglītība pieaugušajiem, , 
510, , , , , , ,98, , 
531, , , , , , ,98, , 
535, , , , , , ,ceļošana, , 
537, , , , , , ,ES projekti,ceļoju pa ES valstīm, 
540, , , , , , ,98, , 
541, , , , , , ,bezrobežu ceļošanas zonu, , 
543, , , , , , ,98, , 
545, , , , , , ,98, , 
548, , , , , , ,98, , 
550, , , , , , ,98, , 
558, , , , , , ,bezdarbniekiem kursi, , 
559, , , , , , ,98, , 
562, , , , , , ,98, , 
564, , , , , , ,augstas cenas,hipotekārā kredīta maksājuma pieaugumu, 
570, , , , , , ,piedalījās Eiropas parlamenta velēšanās,"izmanto Eiropas valūtu, ceļo bez vīzas uz Eiropas savienības valstīm", 
578, , , , , , ,dzīvoju siltinātā ēkā,Erasmus apmaiņas programmas studentiem, 
580, , , , , , ,vakcīnas obligātās, , 
584, , , , , , ,apmācība mācību centrā (Eiropas naudas), , 
592, , , , , , ,98, , 
601, , , , , , ,īsti neko, , 
607, , , , , , ,ceļošana,eiro, 
608, , , , , , ,projekts Proti un dari noliku tiesības, , 
610, , , , , , ,atbalsts lauksaimniecībai, , 
611, , , , , , ,vienota valūta ES valstīs, , 
612, , , , , , ,es neizmantoju nevienu no iespējām, , 
613, , , , , , ,viegli pārvietojas pa ES valstīm bez vīzām, , 
614, , , , , , ,98, , 
615, , , , , , ,viegla ceļošana bez vīzas, , 
616, , , , , , ,98, , 
617, , , , , , ,brīvi var pārvietoties pa ES valstīm,nemainīt naudu, 
618, , , , , , ,98, , 
619, , , , , , ,"nav tādu, kuras es izmantoju", , 
622, , , , , , ,palīdzību zemniekiem, , 
624, , , , , , ,nekādu, , 
628, , , , , , ,nevienu, , 
630, , , , , , ,ceļošana pa Eiropu, , 
637, , , , , , ,"to pašu, ko katrs iedzīvotājs - naudu, brīvas robežas un valdības lielāku zādzību", , 
640, , , , , , ,"bezmaksas sakari, internets ar Eiropu","kaut kādi projekti bijuši, kur ir finansējums", 
641, , , , , , ,EVAK,"droši vien, ka visu neapzināti, kam ir bijis sakars ar Eiropas dotajiem līdzekļiem", 
642, , , , , , ,98, , 
646, , , , , , ,"labi daudz - mācības, arī infrastruktūru, algas labākas",iepirkties internetā no ES zonas veikaliem, 
648, , , , , , ,98, , 
649, , , , , , ,ceļot pa Eiropu, , 
650, , , , , , ,98, , 
652, , , , , , ,piedalījos Erasmus, , 
656, , , , , , ,valūtas izmantošana, , 
666, , , , , , ,98, , 
670, , , , , , ,98, , 
671, , , , , , ,98, , 
672, , , , , , ,nezinu, , 
677, , , , , , ,neko nav izmantojusi, , 
684, , , , , , ,nekādas, , 
686, , , , , , ,98, , 
687, , , , , , ,ceļošanu, , 
690, , , , , , ,98, , 
691, , , , , , ,nekādi, , 
696, , , , , , ,saņēmu pārtikas pakas no ES, , 
698, , , , , , ,saņēmu pārtikas pakas, , 
700, , , , , , ,98, , 
703, , , , , , ,98, , 
705, , , , , , ,elektrības atbalsta kompensācija, , 
711, , , , , , ,98, , 
713, , , , , , ,neko neesmu saņēmusi, , 
714, , , , , , ,izglītības atbalsta programmā, , 
720, , , , , , ,uzņēmējdarbības atbalstu, , 
723, , , , , , ,98, , 
729, , , , , , ,98, , 
730, , , , , , ,98, , 
732, , , , , , ,98, , 
734, , , , , , ,98, , 
740, , , , , , ,98, , 
745, , , , , , ,"neesmu pilsonis, nekādu iespēju nav bijis", , 
758, , , , , , ,98, , 
760, , , , , , ,neko neesmu izmantojusi, , 
770, , , , , , ,98, , 
773, , , , , , ,neko, , 
775, , , , , , ,98, , 
780, , , , , , ,98, , 
792, , , , , , ,98, , 
797, , , , , , ,98, , 
798, , , , , , ,98, , 
799, , , , , , ,98, , 
800, , , , , , ,98, , 
801, , , , , , ,98, , 
802, , , , , , ,98, , 
803, , , , , , ,98, , 
804, , , , , , ,98, , 
808, , , , , , ,labāk apmakstas darba iespējas, , 
812, , , , , , ,98, , 
817, , , , , , ,nekādas, , 
818, , , , , , ,saņemu subsīdijas par izmantojamo zemi, , 
821, , , , , , ,neizmantoju, , 
824, , , , , , ,98, , 
825, , , , , , ,es nesaņemu neko, , 
831, , , , , , ,98, , 
844, , , , , , ,98, , 
846, , , , , , ,"nekādas, neviens mums neko nepiedāvā", , 
849, , , , , , ,"braucu pa remontētiem ceļiem, pa Eiropas naudu remontētiem", , 
850, , , , , , ,98, , 
854, , , , , , ,maksāju ar eiro, , 
856, , , , , , ,mācījās kursos ar ERAF atbalstu, , 
861, , , , , , ,98, , 
867, , , , , , ,nekādas iespējas, , 
874, , , , , , ,neko neesmu izmantojis, , 
880, , , , , , ,98, , 
882, , , , , , ,medicīnas jomā, , 
890, , , , , , ,nekādas, , 
892, , , , , , ,nekas nav personīgi izmantots, , 
897, , , , , , ,98, , 
901, , , , , , ,apmācības, , 
902, , , , , , ,neko, , 
905, , , , , , ,bezmaksas pārtikas pakas, , 
906, , , , , , ,nav izmantotas, , 
908, , , , , , ,98, , 
909, , , , , , ,neizmantoju, , 
911, , , , , , ,98, , 
914, , , , , , ,maznodrošināto pakas,ceļoju, 
917, , , , , , ,neko, , 
923, , , , , , ,nekādas, , 
927, , , , , , ,nekādas, , 
929, , , , , , ,"iespēja strādāt Eiropā (Vācijā), jo Latvijā darba nav", , 
930, , , , , , ,profesionālie kursi,iespēja strādāt Vācijā, 
931, , , , , , ,98, , 
934, , , , , , ,Eiroprojekti lauksaimniekiem, , 
936, , , , , , ,kursi (datorprasmes un profesionālie), , 
937, , , , , , ,pabalsti, , 
939, , , , , , ,ceļošana,darbs, 
943, , , , , , ,ceļojumi uz dažādām Eiropas valstīm, , 
944, , , , , , ,98, , 
945, , , , , , ,projektu apgūšana, , 
950, , , , , , ,neesmu neko, , 
953, , , , , , ,Eiropas Savienības struktūrfonda finansējums, , 
954, , , , , , ,ceļošana, , 
955, , , , , , ,braucu uz ārzemēm,mobilie sakari, 
956, , , , , , ,lauksaimniecības dotāciju, , 
957, , , , , , ,nekādas, , 
958, , , , , , ,brīvi ceļoju,"varu sazvanīties, ir nedaudz lētāk", 
962, , , , , , ,98, , 
963, , , , , , ,ceļoju,darbā bija fondu finansējums,bērni bija nometnē par Eiropas naudu
966, , , , , , ,ceļoju,izmantoju EVAK karti, 
970, , , , , , ,98, , 
978, , , , , , ,98, , 
986, , , , , , ,98, , 
988, , , , , , ,ceļošana, , 
989, , , , , , ,98, , 
990, , , , , , ,mājas renovācija, , 
995, , , , , , ,mūžizglītības iespējas, , 
998, , , , , , ,neko, , 
999, , , , , , ,"pabalsti, produktu pakas", , 
1012, , , , , , ,98, , 
1017, , , , , , ,98, , 
1018, , , , , , ,neko, , 
158, , , , , , ,98, , 
159, , , , , , ,ceļoja bez vīzas, , 
163, , , , , , ,neesmu izmantojusi, , 
184, , , , , , ,bezmaksas izglītību (vidējo + augstāko),ārstniecību, 
195, , , , , , ,nevienu iespēju, , 
198, , , , , , ,nekādus, , 
199, , , , , , ,98, , 
203, , , , , , ,98, , 
204, , , , , , ,lietoju eiro, , 
261, , , , , , ,98, , 
264, , , , , , ,neko, , 
267, , , , , , ,98, , 
269, , , , , , ,"studijas, mācības Erasmus programmā", , 
271, , , , , , ,98, , 
273, , , , , , ,98, , 
275, , , , , , ,darbs ES, , 
277, , , , , , ,98, , 
304, , , , , , ,98, , 
321, , , , , , ,ceļojumi bez robežpārbaudēm, , 
326, , , , , , ,vienota nauda,"iespējas mācīties, ceļot, strādāt ES", 
329, , , , , , ,98, , 
343, , , , , , ,98, , 
346, , , , , , ,bezvīzu režīms, , 
364, , , , , , ,98, , 
380, , , , , , ,98, , 
432, , , , , , ,98, , 
439, , , , , , ,98, , 
466, , , , , , ,neko, , 
504, , , , , , ,98, , 
507, , , , , , ,98, , 
524, , , , , , ,platību maksājumi, , 
533, , , , , , ,98, , 
549, , , , , , ,98, , 
585, , , , , , ,98, , 
595, , , , , , ,98, , 
620, , , , , , ,98, , 
631, , , , , , ,98, , 
633, , , , , , ,zvanīšana uz citām ES valstīm, , 
634, , , , , , ,98, , 
635, , , , , , ,98, , 
644, , , , , , ,"darbā ir dažādi finansējumi, esmu ceļojis, zvanu radiem","biju apmaiņas programmā, kad mācījos, tieši par ES naudu", 
712, , , , , , ,uzņēmējdarbības atbalstu, , 
716, , , , , , ,98, , 
722, , , , , , ,98, , 
731, , , , , , ,98, , 
819, , , , , , ,neko neizmantoju, , 
823, , , , , , ,neesmu izmantojusi, , 
826, , , , , , ,saņēmu bezdarbnieku pabalstu un pakas, , 
833, , , , , , ,salaboti ceļi,izremontētas ēkas, 
852, , , , , , ,"tarifi telefonam Eiropā, izmantoju", , 
877, , , , , , ,98, , 
881, , , , , , ,neko neizmanto, , 
912, , , , , , ,98, , 
946, , , , , , ,98, , 
947, , , , , , ,98, , 
1009, , , , , , ,98, , 
1010, , , , , , ,98, , 
